GEOID,NAME,no_vehE,total_hhsE,hh_1personE,hh_2personE,hh_3personE,hh_4person_plusE,inc_lt_10kE,inc_btw_10k_15kE,inc_btw_15k_20kE,inc_btw_20k_25kE,inc_btw_25k_30kE,inc_btw_30k_35kE,inc_btw_35k_40kE,inc_btw_40k_45kE,inc_btw_45k_50kE,inc_btw_50k_60kE,inc_btw_60k_75kE,inc_btw_75k_100kE,inc_btw_100k_125kE,inc_btw_125k_150kE,inc_btw_150k_200kE,inc_gt_200kE,ALAND,population,total_emp,basic_emp,retail_emp,service_emp
15003001400,"Census Tract 14, Honolulu County, Hawaii",66,912,177,302,120,313,6,11,0,37,6,5,25,11,20,31,116,129,83,61,234,137,504676,2655,115,20,1,94
15003005900,"Census Tract 59, Honolulu County, Hawaii",165,558,94,129,128,207,19,16,31,7,6,7,11,3,23,110,124,85,30,45,9,32,2141336,2994,12415,7609,577,4229
15003004202,"Census Tract 42.02, Honolulu County, Hawaii",150,925,475,275,135,40,97,25,55,60,36,46,0,7,8,62,67,52,67,66,78,199,221911,1922,NA,NA,NA,NA
15003008950,"Census Tract 89.50, Honolulu County, Hawaii",0,555,58,104,97,296,0,0,0,0,0,0,0,0,16,0,0,167,67,67,96,142,415010,2068,NA,NA,NA,NA
15003001803,"Census Tract 18.03, Honolulu County, Hawaii",675,1624,916,600,53,55,250,46,52,90,9,19,62,120,87,81,262,164,209,32,103,38,107215,2911,582,10,8,564
15003003701,"Census Tract 37.01, Honolulu County, Hawaii",180,1086,501,324,218,43,124,64,167,0,31,18,31,210,20,0,81,99,20,56,85,80,156903,2522,NA,NA,NA,NA
15003008408,"Census Tract 84.08, Honolulu County, Hawaii",0,3090,295,888,876,1031,19,17,0,0,10,54,69,34,0,155,124,359,634,354,641,620,4046144,9057,320,41,6,273
15003002404,"Census Tract 24.04, Honolulu County, Hawaii",227,663,215,391,3,54,33,32,49,16,33,41,33,31,23,76,63,59,66,65,22,21,156731,1423,NA,NA,NA,NA
15003980800,"Census Tract 9808, Honolulu County, Hawaii",0,0,0,0,0,0,0,0,0,0,0,0,0,0,0,0,0,0,0,0,0,0,1939134,3,5,5,0,0
15003000116,"Census Tract 1.16, Honolulu County, Hawaii",29,1078,347,477,146,108,57,0,13,43,73,16,0,15,45,51,87,205,131,168,116,58,1207840,2500,NA,NA,NA,NA
15003003606,"Census Tract 36.06, Honolulu County, Hawaii",343,1405,472,587,201,145,197,22,43,52,90,4,43,12,37,72,121,154,157,168,60,173,224398,3058,NA,NA,NA,NA
15003002500,"Census Tract 25, Honolulu County, Hawaii",527,1764,1042,276,337,109,206,66,66,46,157,77,59,46,93,74,89,266,141,205,102,71,424185,3941,1522,662,80,780
15003002205,"Census Tract 22.05, Honolulu County, Hawaii",273,970,484,220,155,111,45,13,0,0,41,60,0,5,26,71,219,111,107,94,41,137,184155,1888,NA,NA,NA,NA
15003009803,"Census Tract 98.03, Honolulu County, Hawaii",96,885,259,248,153,225,73,74,8,19,198,0,21,26,16,48,64,89,197,26,8,18,846850,2825,NA,NA,NA,NA
15003008625,"Census Tract 86.25, Honolulu County, Hawaii",142,956,297,189,68,402,35,61,21,65,105,0,58,69,0,35,47,228,49,0,141,42,722543,4032,NA,NA,NA,NA
15003006203,"Census Tract 62.03, Honolulu County, Hawaii",185,1263,269,314,182,498,171,47,90,9,56,27,99,25,65,75,65,173,28,57,192,84,489736,6425,NA,NA,NA,NA
15003002801,"Census Tract 28.01, Honolulu County, Hawaii",8,626,128,198,113,187,20,0,7,19,11,8,25,0,22,74,4,105,88,34,99,110,673469,1778,NA,NA,NA,NA
15003006301,"Census Tract 63.01, Honolulu County, Hawaii",47,796,104,165,95,432,28,13,19,21,0,7,36,36,14,64,84,76,116,67,93,122,782622,4068,268,49,27,192
15003005200,"Census Tract 52, Honolulu County, Hawaii",626,1341,666,487,118,70,192,257,154,76,67,102,32,14,0,51,67,191,90,33,15,0,170554,3001,1628,233,233,1162
15003008011,"Census Tract 80.11, Honolulu County, Hawaii",25,789,189,245,83,272,0,0,0,32,44,18,8,28,4,32,131,131,41,60,99,161,1538057,2697,NA,NA,NA,NA
15003010507,"Census Tract 105.07, Honolulu County, Hawaii",20,1693,309,545,269,570,30,53,0,0,17,35,85,65,69,55,154,274,223,281,180,172,1264551,5510,2071,331,519,1221
15003004802,"Census Tract 48.02, Honolulu County, Hawaii",90,921,137,244,142,398,70,10,9,21,19,29,9,35,25,62,9,191,48,38,207,139,500881,3873,NA,NA,NA,NA
15003008926,"Census Tract 89.26, Honolulu County, Hawaii",17,791,221,339,125,106,18,0,12,20,7,27,0,61,0,21,153,132,122,71,107,40,2317363,1742,1548,1348,15,185
15003002004,"Census Tract 20.04, Honolulu County, Hawaii",223,642,351,184,68,39,38,21,34,25,21,17,81,29,24,60,93,95,36,30,27,11,129547,1140,3782,23,706,3053
15003008633,"Census Tract 86.33, Honolulu County, Hawaii",0,1014,68,392,179,375,0,0,12,0,0,13,13,18,20,50,43,284,153,68,191,149,1196041,2726,NA,NA,NA,NA
15003008932,"Census Tract 89.32, Honolulu County, Hawaii",27,733,108,265,132,228,8,0,0,12,8,10,32,9,15,18,71,112,100,85,140,113,800421,2645,NA,NA,NA,NA
15003006810,"Census Tract 68.10, Honolulu County, Hawaii",21,1059,22,228,156,653,6,0,0,0,26,44,111,74,16,94,116,213,172,33,38,116,995766,2374,NA,NA,NA,NA
15003002301,"Census Tract 23.01, Honolulu County, Hawaii",166,1762,666,592,247,257,245,20,90,39,90,48,36,18,38,175,283,135,122,114,199,110,215142,3293,NA,NA,NA,NA
15003008609,"Census Tract 86.09, Honolulu County, Hawaii",13,690,141,304,122,123,17,16,4,10,47,18,0,98,31,44,40,49,108,73,50,85,2744929,2179,1397,236,595,566
15003008010,"Census Tract 80.10, Honolulu County, Hawaii",42,663,84,211,135,233,0,20,1,31,26,7,0,0,9,41,104,78,100,66,87,93,514016,2439,NA,NA,NA,NA
15003006817,"Census Tract 68.17, Honolulu County, Hawaii",12,878,48,159,239,432,8,0,0,6,29,0,0,0,0,55,30,175,179,72,116,208,462882,4809,NA,NA,NA,NA
15003003412,"Census Tract 34.12, Honolulu County, Hawaii",0,919,371,362,86,100,15,25,0,15,0,0,45,90,17,64,110,170,93,64,49,162,141286,1618,NA,NA,NA,NA
15003001907,"Census Tract 19.07, Honolulu County, Hawaii",329,1477,778,447,208,44,82,61,111,18,21,0,0,10,65,161,275,230,112,99,171,61,65444,2546,NA,NA,NA,NA
15003009301,"Census Tract 93.01, Honolulu County, Hawaii",58,512,205,170,9,128,8,41,32,17,12,74,0,73,37,99,9,101,0,0,9,0,361794,1575,NA,NA,NA,NA
15003009510,"Census Tract 95.10, Honolulu County, Hawaii",0,491,34,105,111,241,13,0,0,0,15,14,59,57,25,76,8,145,68,0,11,0,381874,1255,NA,NA,NA,NA
15003010509,"Census Tract 105.09, Honolulu County, Hawaii",22,518,171,195,70,82,93,23,11,45,21,31,0,11,11,10,13,74,0,41,104,30,403788,2087,NA,NA,NA,NA
15003008930,"Census Tract 89.30, Honolulu County, Hawaii",0,826,101,409,166,150,4,8,14,4,0,4,11,0,16,39,36,62,83,165,162,218,1038723,2416,260,60,0,200
15003008629,"Census Tract 86.29, Honolulu County, Hawaii",78,704,111,181,86,326,0,78,0,42,0,0,35,23,0,0,103,140,154,29,67,33,265563,2110,NA,NA,NA,NA
15003981802,"Census Tract 9818.02, Honolulu County, Hawaii",0,495,15,162,98,220,10,0,0,0,0,0,0,0,52,34,14,63,99,96,61,66,2133892,948,NA,NA,NA,NA
15003002401,"Census Tract 24.01, Honolulu County, Hawaii",476,1305,502,312,230,261,55,144,8,86,20,61,40,33,18,127,143,189,144,70,67,100,169232,2912,27,10,0,17
15003008628,"Census Tract 86.28, Honolulu County, Hawaii",122,1082,78,314,318,372,0,34,0,0,0,44,0,9,0,66,78,143,210,101,155,242,642920,3847,NA,NA,NA,NA
15003006812,"Census Tract 68.12, Honolulu County, Hawaii",0,599,149,286,95,69,16,0,0,0,60,0,14,16,19,22,72,121,19,92,47,101,539083,1363,NA,NA,NA,NA
15003008938,"Census Tract 89.38, Honolulu County, Hawaii",82,690,60,108,102,420,39,16,18,28,7,33,8,36,54,74,37,71,120,41,22,86,306633,3242,NA,NA,NA,NA
15003008407,"Census Tract 84.07, Honolulu County, Hawaii",12,1181,59,269,249,604,35,0,0,12,0,40,0,9,0,112,116,154,165,116,219,203,731164,3778,639,93,177,369
15003000402,"Census Tract 4.02, Honolulu County, Hawaii",0,1280,140,583,192,365,0,39,0,0,0,14,48,14,18,29,40,105,97,122,165,589,3007279,4147,208,57,5,146
15003981700,"Census Tract 9817, Honolulu County, Hawaii",0,845,103,363,150,229,71,0,8,31,42,46,21,17,216,97,124,92,23,19,32,6,5677257,2841,NA,NA,NA,NA
15003009401,"Census Tract 94.01, Honolulu County, Hawaii",29,493,175,156,61,101,55,13,7,0,0,24,23,37,11,15,6,104,79,38,61,20,624390,1471,NA,NA,NA,NA
15003002206,"Census Tract 22.06, Honolulu County, Hawaii",277,1005,419,237,138,211,121,32,36,25,0,18,39,106,71,108,56,202,36,60,42,53,101102,1961,NA,NA,NA,NA
15003008949,"Census Tract 89.49, Honolulu County, Hawaii",13,743,154,204,106,279,19,0,0,12,11,0,0,0,0,34,145,78,100,190,93,61,728667,1540,NA,NA,NA,NA
15003002204,"Census Tract 22.04, Honolulu County, Hawaii",71,670,272,305,46,47,45,36,9,15,0,47,9,18,51,54,30,135,116,58,38,9,53213,1308,NA,NA,NA,NA
15003008413,"Census Tract 84.13, Honolulu County, Hawaii",0,604,23,171,152,258,0,0,0,22,7,7,15,0,0,9,132,43,94,21,152,102,477453,3400,NA,NA,NA,NA
15003008947,"Census Tract 89.47, Honolulu County, Hawaii",21,635,156,248,117,114,13,0,0,21,8,8,28,39,0,70,88,91,78,63,107,21,272431,1846,NA,NA,NA,NA
15003002003,"Census Tract 20.03, Honolulu County, Hawaii",389,1065,631,379,24,31,67,107,63,20,0,2,81,36,43,177,129,166,67,0,99,8,143947,2126,5081,160,1252,3669
15003007817,"Census Tract 78.17, Honolulu County, Hawaii",18,472,68,191,48,165,8,10,11,17,0,7,18,8,0,0,7,55,49,28,95,159,761145,1631,NA,NA,NA,NA
15003003409,"Census Tract 34.09, Honolulu County, Hawaii",110,1116,535,433,70,78,62,0,0,48,9,8,41,43,91,62,117,273,72,208,42,40,80215,1901,NA,NA,NA,NA
15003006402,"Census Tract 64.02, Honolulu County, Hawaii",36,1449,105,315,315,714,11,0,0,22,35,26,11,37,23,100,87,154,137,141,350,315,2532978,6393,185,123,27,35
15003981300,"Census Tract 9813, Honolulu County, Hawaii",0,48,0,0,27,21,0,0,0,0,0,0,0,0,0,0,27,0,21,0,0,0,1891419,252,7589,5009,526,2054
15003010702,"Census Tract 107.02, Honolulu County, Hawaii",139,1140,314,295,172,359,31,39,43,16,8,19,8,40,10,50,65,201,117,88,219,186,4157267,3832,616,85,0,531
15003001502,"Census Tract 15.02, Honolulu County, Hawaii",11,808,153,349,102,204,28,0,5,6,0,11,26,5,36,12,83,100,170,116,33,177,338405,2334,NA,NA,NA,NA
15003001300,"Census Tract 13, Honolulu County, Hawaii",144,1366,341,327,309,389,46,17,34,101,9,118,30,148,17,104,97,112,175,158,152,48,928081,4437,3205,266,326,2613
15003009202,"Census Tract 92.02, Honolulu County, Hawaii",49,754,165,228,93,268,18,11,0,14,0,50,0,10,0,21,178,52,199,58,14,129,1209872,2762,NA,NA,NA,NA
15003008929,"Census Tract 89.29, Honolulu County, Hawaii",151,2120,639,778,299,404,16,0,48,82,39,143,0,143,30,151,260,341,310,174,228,155,1355157,4906,609,99,58,452
15003982100,"Census Tract 9821, Honolulu County, Hawaii",0,0,0,0,0,0,0,0,0,0,0,0,0,0,0,0,0,0,0,0,0,0,47892,1,NA,NA,NA,NA
15003981803,"Census Tract 9818.03, Honolulu County, Hawaii",0,354,20,238,85,11,11,9,0,0,78,50,11,29,18,28,34,19,18,38,0,11,2767847,3292,NA,NA,NA,NA
15003004201,"Census Tract 42.01, Honolulu County, Hawaii",332,948,592,289,46,21,9,0,11,0,24,12,18,42,102,96,60,248,144,95,64,23,36887,1602,NA,NA,NA,NA
15003008801,"Census Tract 88.01, Honolulu County, Hawaii",165,799,269,113,57,360,9,22,19,44,0,0,9,9,0,137,72,116,67,84,60,151,400554,4056,NA,NA,NA,NA
15003005601,"Census Tract 56.01, Honolulu County, Hawaii",411,705,278,136,0,291,131,131,57,54,36,0,0,0,11,15,18,12,43,65,43,89,155099,1808,NA,NA,NA,NA
15003000904,"Census Tract 9.04, Honolulu County, Hawaii",18,686,98,216,142,230,15,10,0,7,6,0,1,41,10,47,15,34,120,13,284,83,648298,1975,NA,NA,NA,NA
15003010508,"Census Tract 105.08, Honolulu County, Hawaii",20,978,294,352,215,117,10,32,17,26,43,24,31,0,18,60,57,133,146,44,178,159,803622,2748,756,42,228,486
15003011600,"Census Tract 116, Honolulu County, Hawaii",43,718,143,327,114,134,12,17,0,10,26,5,4,12,10,9,13,73,162,38,118,209,6047435,2023,NA,NA,NA,NA
15003009203,"Census Tract 92.03, Honolulu County, Hawaii",0,823,50,314,201,258,34,0,10,0,11,128,28,18,18,4,120,180,24,76,141,31,965057,2260,NA,NA,NA,NA
15003005100,"Census Tract 51, Honolulu County, Hawaii",374,1524,682,595,151,96,134,129,81,31,117,41,61,20,8,133,182,133,61,93,97,203,190352,2905,528,10,18,500
15003008706,"Census Tract 87.06, Honolulu County, Hawaii",56,1048,95,224,236,493,42,10,0,0,55,33,7,177,0,12,58,162,172,44,189,87,1307183,3650,NA,NA,NA,NA
15003005800,"Census Tract 58, Honolulu County, Hawaii",294,1022,215,297,237,273,29,192,9,50,26,69,21,76,64,14,121,160,73,57,52,9,509559,3322,1857,772,260,825
15003003603,"Census Tract 36.03, Honolulu County, Hawaii",603,1783,944,559,108,172,251,189,58,68,64,119,32,10,69,98,269,222,135,113,23,63,161676,3181,1043,169,48,826
15003003802,"Census Tract 38.02, Honolulu County, Hawaii",214,2502,851,1208,322,121,31,12,81,27,0,0,0,76,157,105,213,362,314,441,165,518,293396,5114,NA,NA,NA,NA
15003008928,"Census Tract 89.28, Honolulu County, Hawaii",37,1186,113,338,297,438,16,8,8,16,10,74,0,54,22,4,19,103,158,297,144,253,1277730,4102,88,31,0,57
15003008935,"Census Tract 89.35, Honolulu County, Hawaii",75,1283,324,310,316,333,0,9,11,62,45,41,108,159,58,28,20,102,195,93,207,145,692774,3931,NA,NA,NA,NA
15003001602,"Census Tract 16.02, Honolulu County, Hawaii",0,512,43,226,107,136,79,24,9,0,0,19,44,21,9,20,20,2,97,41,89,38,304941,1784,NA,NA,NA,NA
15003008948,"Census Tract 89.48, Honolulu County, Hawaii",81,1101,261,479,174,187,36,35,7,7,32,12,12,9,33,111,67,219,142,73,119,187,624812,2839,NA,NA,NA,NA
15003010601,"Census Tract 106.01, Honolulu County, Hawaii",79,1042,189,343,208,302,25,0,45,35,20,32,0,57,80,57,56,83,52,66,191,243,1154114,3921,685,100,190,395
15003009509,"Census Tract 95.09, Honolulu County, Hawaii",0,956,80,131,244,501,20,17,10,18,58,21,71,26,43,154,83,209,116,95,11,4,752714,2643,NA,NA,NA,NA
15003001801,"Census Tract 18.01, Honolulu County, Hawaii",235,581,348,186,20,27,134,25,4,33,6,31,0,16,20,44,42,69,95,8,45,9,168759,1119,4502,28,490,3984
15003008909,"Census Tract 89.09, Honolulu County, Hawaii",39,1384,160,506,359,359,27,0,9,9,11,20,37,71,14,41,120,202,264,191,199,169,1004316,3820,130,77,21,32
15003007804,"Census Tract 78.04, Honolulu County, Hawaii",14,607,90,177,88,252,4,25,7,19,15,18,22,0,10,0,21,65,76,55,142,128,459237,2005,54,11,0,43
15003009508,"Census Tract 95.08, Honolulu County, Hawaii",0,706,143,132,76,355,0,0,0,16,76,31,51,1,21,59,77,78,112,57,0,127,704460,991,NA,NA,NA,NA
15003002006,"Census Tract 20.06, Honolulu County, Hawaii",389,1246,688,395,104,59,110,23,111,80,19,63,15,130,49,93,190,166,67,52,26,52,147623,2267,1092,56,326,710
15003008940,"Census Tract 89.40, Honolulu County, Hawaii",24,838,146,231,136,325,5,0,0,19,25,36,18,0,57,61,79,164,56,55,133,130,1248797,2936,NA,NA,NA,NA
15003000122,"Census Tract 1.22, Honolulu County, Hawaii",0,972,82,275,131,484,0,0,0,0,28,15,0,30,15,0,15,97,183,97,216,276,1181078,3112,NA,NA,NA,NA
15003004101,"Census Tract 41.01, Honolulu County, Hawaii",238,860,473,280,78,29,32,83,65,145,77,0,0,17,0,18,68,201,43,0,47,64,159288,1618,NA,NA,NA,NA
15003001906,"Census Tract 19.06, Honolulu County, Hawaii",336,1646,801,583,92,170,77,114,70,89,46,53,11,64,33,113,158,235,156,175,138,114,87351,2877,NA,NA,NA,NA
15003003408,"Census Tract 34.08, Honolulu County, Hawaii",130,1040,493,275,215,57,28,9,68,72,48,56,0,72,52,224,110,150,5,77,69,0,91179,2256,NA,NA,NA,NA
15003006816,"Census Tract 68.16, Honolulu County, Hawaii",12,543,63,108,182,190,17,0,25,0,16,0,6,16,125,41,8,48,56,15,65,105,210265,2411,NA,NA,NA,NA
15003008941,"Census Tract 89.41, Honolulu County, Hawaii",8,689,61,219,174,235,17,0,29,0,8,0,0,37,40,8,34,47,107,37,245,80,730558,1934,NA,NA,NA,NA
15003003501,"Census Tract 35.01, Honolulu County, Hawaii",289,1313,709,320,209,75,96,24,25,63,37,146,107,20,75,56,225,90,97,31,110,111,297789,2286,2017,69,265,1683
15003002403,"Census Tract 24.03, Honolulu County, Hawaii",35,755,348,198,139,70,34,29,39,8,23,29,59,36,59,30,132,129,79,60,0,9,101685,1567,NA,NA,NA,NA
15003000905,"Census Tract 9.05, Honolulu County, Hawaii",26,729,54,327,161,187,17,8,0,28,0,0,23,8,23,33,41,25,102,65,76,280,844299,2357,NA,NA,NA,NA
15003006900,"Census Tract 69, Honolulu County, Hawaii",0,1091,28,156,208,699,54,14,0,6,24,20,66,38,54,56,107,192,193,121,102,44,1103115,3879,206,1,98,107
15003940007,"Census Tract 9400.07, Honolulu County, Hawaii",111,528,95,31,60,342,111,10,6,48,10,18,8,29,29,9,15,66,112,26,31,0,770613,2059,NA,NA,NA,NA
15003940006,"Census Tract 9400.06, Honolulu County, Hawaii",57,607,61,152,99,295,34,28,12,7,67,16,6,38,14,7,69,113,42,54,51,49,1451659,2446,NA,NA,NA,NA
15003004900,"Census Tract 49, Honolulu County, Hawaii",78,1011,193,258,123,437,37,10,5,32,9,22,24,21,73,83,190,185,102,105,66,47,411409,3351,615,134,20,461
15003008912,"Census Tract 89.12, Honolulu County, Hawaii",20,542,75,73,95,299,15,0,10,15,19,7,36,32,45,0,14,73,22,48,58,148,497984,3103,67,17,2,48
15003002302,"Census Tract 23.02, Honolulu County, Hawaii",235,950,481,269,118,82,63,20,39,141,0,78,0,42,19,139,69,255,9,53,0,23,150309,2087,NA,NA,NA,NA
15003980000,"Census Tract 9800, Honolulu County, Hawaii",0,0,0,0,0,0,0,0,0,0,0,0,0,0,0,0,0,0,0,0,0,0,4989905,0,NA,NA,NA,NA
15003008405,"Census Tract 84.05, Honolulu County, Hawaii",5,1376,27,282,339,728,0,0,11,0,0,0,0,0,47,162,25,230,237,179,361,124,1074074,4988,205,149,3,53
15003008906,"Census Tract 89.06, Honolulu County, Hawaii",10,1393,294,639,256,204,26,21,11,3,0,65,18,24,112,36,180,306,151,98,191,151,1658187,4026,261,56,0,205
15003011202,"Census Tract 112.02, Honolulu County, Hawaii",6,618,121,199,120,178,34,7,7,3,6,0,6,0,44,30,58,48,22,46,100,207,1333313,1676,54,12,0,42
15003002101,"Census Tract 21.01, Honolulu County, Hawaii",170,925,353,416,70,86,46,88,79,9,9,90,41,108,43,100,28,66,123,9,41,45,720536,1746,NA,NA,NA,NA
15003008937,"Census Tract 89.37, Honolulu County, Hawaii",32,539,50,23,114,352,11,11,12,0,0,0,10,0,0,84,95,78,67,108,12,51,252134,1737,NA,NA,NA,NA
15003008410,"Census Tract 84.10, Honolulu County, Hawaii",4,1669,132,443,296,798,13,11,12,0,17,9,42,9,29,41,139,173,208,366,299,301,1848730,6931,765,13,235,517
15003003504,"Census Tract 35.04, Honolulu County, Hawaii",306,1562,688,410,296,168,245,75,45,13,33,4,71,37,49,78,240,140,218,76,197,41,235254,2712,NA,NA,NA,NA
15003011401,"Census Tract 114.01, Honolulu County, Hawaii",5,831,228,303,204,96,21,0,0,0,28,22,117,56,39,58,130,50,197,38,65,10,2035975,1759,NA,NA,NA,NA
15003003605,"Census Tract 36.05, Honolulu County, Hawaii",172,434,227,115,42,50,20,29,10,0,10,50,31,28,63,42,37,64,27,0,23,0,154110,1036,NA,NA,NA,NA
15003010901,"Census Tract 109.01, Honolulu County, Hawaii",0,925,135,292,140,358,19,37,0,18,8,33,19,0,17,30,0,42,76,113,165,348,3250335,3256,479,16,71,392
15003009511,"Census Tract 95.11, Honolulu County, Hawaii",0,1011,55,331,328,297,24,62,13,9,29,69,80,140,19,112,94,186,88,64,9,13,941267,2546,NA,NA,NA,NA
15003002900,"Census Tract 29, Honolulu County, Hawaii",59,970,354,231,158,227,17,16,11,16,8,0,7,5,14,34,97,158,196,74,145,172,1175443,2251,686,91,182,413
15003010503,"Census Tract 105.03, Honolulu County, Hawaii",18,509,113,161,111,124,9,28,0,0,12,10,11,5,6,44,74,81,94,31,28,76,1379835,2263,434,45,121,268
15003005500,"Census Tract 55, Honolulu County, Hawaii",137,552,103,118,108,223,50,30,0,32,21,10,18,20,21,59,48,47,61,53,46,36,215737,2157,398,22,31,345
15003007100,"Census Tract 71, Honolulu County, Hawaii",0,1114,60,309,210,535,0,6,6,0,0,14,31,76,23,109,199,150,198,113,131,58,1243048,3060,940,362,14,564
15003006703,"Census Tract 67.03, Honolulu County, Hawaii",10,438,26,210,74,128,69,0,8,0,0,8,8,10,0,8,32,50,70,28,99,48,1886969,1725,NA,NA,NA,NA
15003008630,"Census Tract 86.30, Honolulu County, Hawaii",41,916,100,198,274,344,12,28,0,10,0,22,43,11,0,131,169,23,63,144,206,54,727988,2779,NA,NA,NA,NA
15003008417,"Census Tract 84.17, Honolulu County, Hawaii",0,1526,203,593,343,387,0,0,46,15,30,16,8,65,73,58,157,407,169,120,190,172,402636,3661,NA,NA,NA,NA
15003007001,"Census Tract 70.01, Honolulu County, Hawaii",0,860,246,337,184,93,39,0,0,7,0,0,67,107,0,54,280,62,141,52,51,0,1357862,1565,NA,NA,NA,NA
15003003104,"Census Tract 31.04, Honolulu County, Hawaii",29,862,135,243,162,322,45,9,0,0,8,0,20,13,31,38,40,73,86,47,119,333,875154,2175,NA,NA,NA,NA
15003005400,"Census Tract 54, Honolulu County, Hawaii",178,412,63,86,43,220,37,36,15,49,17,19,76,18,29,47,25,27,13,4,0,0,82625,1545,9,0,4,5
15003008802,"Census Tract 88.02, Honolulu County, Hawaii",104,1000,43,141,379,437,35,8,84,0,31,22,10,8,32,8,66,159,109,83,198,147,1093724,5304,NA,NA,NA,NA
15003008008,"Census Tract 80.08, Honolulu County, Hawaii",12,472,49,106,117,200,24,3,0,0,0,39,16,18,19,10,58,77,75,40,66,27,487911,1655,NA,NA,NA,NA
15003002702,"Census Tract 27.02, Honolulu County, Hawaii",203,1993,643,731,286,333,57,26,26,47,72,25,37,90,31,48,364,445,147,166,204,208,1032236,4705,1783,39,27,1717
15003001601,"Census Tract 16.01, Honolulu County, Hawaii",40,736,181,339,80,136,17,0,9,21,32,68,24,41,25,0,41,157,96,46,74,85,314083,1981,NA,NA,NA,NA
15003003414,"Census Tract 34.14, Honolulu County, Hawaii",486,2397,1047,848,263,239,190,54,79,50,75,258,52,60,47,141,317,371,190,107,221,185,250749,4118,NA,NA,NA,NA
15003008009,"Census Tract 80.09, Honolulu County, Hawaii",288,1257,601,254,183,219,107,27,45,24,86,66,115,28,43,99,142,173,168,71,19,44,987809,2760,NA,NA,NA,NA
15003008921,"Census Tract 89.21, Honolulu County, Hawaii",5,587,39,127,75,346,14,0,9,0,7,0,0,5,0,52,53,85,47,29,105,181,886827,3121,78,36,0,42
15003981400,"Census Tract 9814, Honolulu County, Hawaii",0,0,0,0,0,0,0,0,0,0,0,0,0,0,0,0,0,0,0,0,0,0,1560611,96,16496,8962,663,6871
15003005000,"Census Tract 50, Honolulu County, Hawaii",185,1436,483,377,223,353,51,35,74,49,20,32,133,34,72,243,236,174,38,55,123,67,548142,4106,3219,49,89,3081
15003008611,"Census Tract 86.11, Honolulu County, Hawaii",0,4,0,0,0,4,0,0,0,0,0,0,0,0,0,0,0,0,0,0,0,4,13107328,62,296,142,41,113
15003010905,"Census Tract 109.05, Honolulu County, Hawaii",50,922,327,201,173,221,64,12,41,44,12,4,23,27,34,64,88,117,83,45,135,129,548324,2630,1236,116,61,1059
15003008946,"Census Tract 89.46, Honolulu County, Hawaii",10,1156,316,537,149,154,76,10,33,13,22,82,21,29,28,78,74,159,220,29,158,124,586530,2910,NA,NA,NA,NA
15003008302,"Census Tract 83.02, Honolulu County, Hawaii",24,1310,160,287,222,641,56,38,16,21,21,14,17,25,4,93,65,263,138,61,140,338,1532278,7253,67,9,2,56
15003006815,"Census Tract 68.15, Honolulu County, Hawaii",105,1063,279,321,88,375,65,11,5,33,44,28,6,87,140,58,148,78,109,150,70,31,86899,2165,NA,NA,NA,NA
15003980700,"Census Tract 9807, Honolulu County, Hawaii",0,0,0,0,0,0,0,0,0,0,0,0,0,0,0,0,0,0,0,0,0,0,20470253,0,521,40,0,481
15003008502,"Census Tract 85.02, Honolulu County, Hawaii",128,766,256,158,132,220,36,72,0,40,0,29,4,9,0,48,119,144,77,20,132,36,19774809,2364,2836,2166,31,639
15003940003,"Census Tract 9400.03, Honolulu County, Hawaii",38,562,76,165,83,238,25,8,0,5,13,12,5,42,5,8,78,73,46,83,47,112,1265005,2509,NA,NA,NA,NA
15003000301,"Census Tract 3.01, Honolulu County, Hawaii",58,1270,191,487,231,361,30,3,0,18,0,9,22,9,9,42,65,190,71,23,384,395,8568945,3608,189,46,3,140
15003008624,"Census Tract 86.24, Honolulu County, Hawaii",0,811,74,309,65,363,14,13,11,36,0,0,31,0,28,56,68,78,67,85,139,185,929674,3069,NA,NA,NA,NA
15003004402,"Census Tract 44.02, Honolulu County, Hawaii",43,859,196,220,99,344,22,9,17,9,35,12,12,3,19,43,35,60,125,105,153,200,3238893,2550,NA,NA,NA,NA
15003008001,"Census Tract 80.01, Honolulu County, Hawaii",164,903,380,217,71,235,90,32,45,75,88,52,63,12,33,27,37,81,84,54,81,49,1107725,2664,1344,464,379,501
15003000200,"Census Tract 2, Honolulu County, Hawaii",70,1781,329,532,401,519,5,55,22,0,16,0,31,10,50,91,56,265,192,147,275,566,10040042,5745,587,111,16,460
15003008005,"Census Tract 80.05, Honolulu County, Hawaii",99,2042,478,475,376,713,103,13,0,22,9,119,0,0,44,96,181,307,318,196,278,356,13237531,6997,96,24,26,46
15003004401,"Census Tract 44.01, Honolulu County, Hawaii",59,774,193,267,142,172,40,0,8,22,17,54,0,54,50,48,74,85,47,100,76,99,480751,2536,NA,NA,NA,NA
15003008610,"Census Tract 86.10, Honolulu County, Hawaii",8,430,63,268,42,57,0,4,5,4,0,6,10,0,0,40,13,69,101,47,42,89,2131293,1240,4552,46,98,4408
15003009902,"Census Tract 99.02, Honolulu County, Hawaii",79,1096,214,245,250,387,72,49,18,0,55,8,15,13,26,122,88,202,106,120,90,112,3914125,3998,866,101,152,613
15003004701,"Census Tract 47.01, Honolulu County, Hawaii",0,781,157,240,186,198,27,0,25,0,0,27,32,17,21,13,113,59,77,30,155,185,623557,2305,NA,NA,NA,NA
15003008627,"Census Tract 86.27, Honolulu County, Hawaii",58,2112,121,700,273,1018,15,40,17,16,86,72,56,18,15,58,328,232,207,259,237,456,73514932,9793,NA,NA,NA,NA
15003009201,"Census Tract 92.01, Honolulu County, Hawaii",11,1092,208,494,89,301,29,0,35,10,118,0,21,38,16,26,149,100,119,144,118,169,1380781,3423,NA,NA,NA,NA
15003006500,"Census Tract 65, Honolulu County, Hawaii",31,1120,182,189,132,617,0,4,7,7,15,11,18,45,43,80,45,153,136,179,89,288,9692152,4694,228,30,3,195
15003006202,"Census Tract 62.02, Honolulu County, Hawaii",153,569,150,50,76,293,96,14,14,40,94,28,47,47,10,36,38,15,36,9,21,24,143291,2705,91,0,9,82
15003002701,"Census Tract 27.01, Honolulu County, Hawaii",130,736,314,202,137,83,38,4,17,52,8,31,74,26,8,68,172,34,35,6,70,93,1496245,4078,1409,23,2,1384
15003010505,"Census Tract 105.05, Honolulu County, Hawaii",0,1032,137,389,184,322,21,0,6,21,10,36,0,32,24,34,62,94,140,73,161,318,2068025,3527,97,2,0,95
15003007809,"Census Tract 78.09, Honolulu County, Hawaii",0,1299,233,504,205,357,9,9,0,0,0,9,28,9,28,43,81,206,149,140,93,495,2462100,3384,84,33,4,47
15003010103,"Census Tract 101.03, Honolulu County, Hawaii",50,754,167,191,133,263,16,11,23,22,17,18,37,41,30,73,75,88,68,59,62,114,50767945,3292,NA,NA,NA,NA
15003009804,"Census Tract 98.04, Honolulu County, Hawaii",175,838,202,123,148,365,150,67,0,10,12,80,40,0,17,55,77,128,89,65,21,27,1801516,3660,NA,NA,NA,NA
15003010310,"Census Tract 103.10, Honolulu County, Hawaii",0,916,240,179,255,242,0,0,0,0,14,16,0,26,12,38,35,85,223,216,142,109,3132685,2497,NA,NA,NA,NA
15003000600,"Census Tract 6, Honolulu County, Hawaii",0,471,64,179,111,117,19,1,0,0,6,0,0,5,0,0,64,80,28,37,60,171,3089851,1276,399,14,2,383
15003007701,"Census Tract 77.01, Honolulu County, Hawaii",61,1155,209,293,119,534,36,0,24,0,25,33,28,39,28,154,64,186,122,40,95,281,1262367,4921,1745,50,209,1486
15003980300,"Census Tract 9803, Honolulu County, Hawaii",0,0,0,0,0,0,0,0,0,0,0,0,0,0,0,0,0,0,0,0,0,0,5797098,16,5841,4572,122,1147
15003003102,"Census Tract 31.02, Honolulu County, Hawaii",42,1273,384,401,227,261,38,26,33,8,14,0,9,107,20,62,83,134,153,118,151,317,3894342,3345,641,17,2,622
15003006806,"Census Tract 68.06, Honolulu County, Hawaii",16,525,94,127,142,162,8,0,24,11,0,11,5,0,4,13,17,67,70,67,127,101,482766,1758,478,11,183,284
15003010309,"Census Tract 103.09, Honolulu County, Hawaii",12,1397,187,513,430,267,12,0,36,21,38,0,0,67,19,62,0,169,147,153,283,390,9015820,3897,NA,NA,NA,NA
15003006814,"Census Tract 68.14, Honolulu County, Hawaii",154,890,208,229,158,295,20,0,35,119,5,44,12,10,23,52,97,151,144,85,61,32,78867,2442,NA,NA,NA,NA
15003008012,"Census Tract 80.12, Honolulu County, Hawaii",69,811,131,245,199,236,36,15,0,0,8,8,39,0,25,48,118,103,73,122,47,169,798335,2933,NA,NA,NA,NA
15003011300,"Census Tract 113, Honolulu County, Hawaii",62,1206,197,160,191,658,10,11,77,8,19,62,58,42,24,39,103,54,146,147,191,215,15157039,6057,978,296,58,624
15003001901,"Census Tract 19.01, Honolulu County, Hawaii",112,245,101,111,33,0,28,5,30,0,0,21,0,5,0,6,5,70,6,0,32,37,850221,423,14996,148,1456,13392
15003002102,"Census Tract 21.02, Honolulu County, Hawaii",140,849,392,262,126,69,68,0,51,69,12,27,38,52,0,69,119,128,129,37,20,30,395044,1839,NA,NA,NA,NA
15003007816,"Census Tract 78.16, Honolulu County, Hawaii",9,1290,325,489,141,335,42,0,9,83,48,16,59,19,17,77,82,174,228,114,155,167,11168179,3443,NA,NA,NA,NA
15003010204,"Census Tract 102.04, Honolulu County, Hawaii",28,637,96,159,76,306,47,0,0,0,39,16,6,23,38,61,39,71,134,35,85,43,13782634,2836,NA,NA,NA,NA
15003006302,"Census Tract 63.02, Honolulu County, Hawaii",175,602,73,85,68,376,92,48,0,53,10,57,15,18,42,27,56,31,66,34,25,28,661184,3152,151,5,2,144
15003007814,"Census Tract 78.14, Honolulu County, Hawaii",8,1146,65,483,263,335,9,0,8,22,0,8,0,20,8,34,27,103,161,110,331,305,1513537,3416,NA,NA,NA,NA
15003003413,"Census Tract 34.13, Honolulu County, Hawaii",243,1264,713,357,115,79,206,13,45,134,37,60,0,32,32,101,161,145,109,14,55,120,146393,2532,NA,NA,NA,NA
15003982000,"Census Tract 9820, Honolulu County, Hawaii",0,217,0,39,40,138,0,0,0,4,0,0,0,0,0,0,41,19,32,84,18,19,4214479,1060,NA,NA,NA,NA
15003001202,"Census Tract 12.02, Honolulu County, Hawaii",85,946,245,231,177,293,32,12,0,40,48,8,23,73,51,28,66,82,152,78,153,100,520727,3254,169,139,6,24
15003981000,"Census Tract 9810, Honolulu County, Hawaii",0,0,0,0,0,0,0,0,0,0,0,0,0,0,0,0,0,0,0,0,0,0,3530439,30,44,29,0,15
15003000700,"Census Tract 7, Honolulu County, Hawaii",25,1021,135,299,346,241,8,7,16,27,10,45,34,31,0,42,51,147,182,112,137,172,974063,3215,277,17,133,127
15003000800,"Census Tract 8, Honolulu County, Hawaii",55,1307,347,379,175,406,32,10,63,61,30,75,21,13,11,60,131,147,94,146,169,244,1118867,3770,316,26,0,290
15003002203,"Census Tract 22.03, Honolulu County, Hawaii",71,803,300,264,109,130,46,35,0,32,0,13,26,23,21,27,66,156,63,62,170,63,168580,1836,NA,NA,NA,NA
15003010903,"Census Tract 109.03, Honolulu County, Hawaii",100,1430,323,509,248,350,46,63,57,54,9,49,28,7,51,111,143,139,135,100,143,295,824049,4157,729,79,162,488
15003008951,"Census Tract 89.51, Honolulu County, Hawaii",14,555,44,244,109,158,29,0,0,0,0,0,0,0,0,0,13,64,204,29,44,172,290955,2101,NA,NA,NA,NA
15003009704,"Census Tract 97.04, Honolulu County, Hawaii",37,742,75,178,157,332,55,5,50,8,34,16,22,13,22,15,70,93,60,34,109,136,5708085,3553,261,99,22,140
15003005700,"Census Tract 57, Honolulu County, Hawaii",379,1002,408,454,55,85,45,89,0,82,49,92,0,85,59,47,80,175,25,40,82,52,3996513,2483,17883,7496,2454,7933
15003008945,"Census Tract 89.45, Honolulu County, Hawaii",49,583,118,211,161,93,27,7,0,7,18,56,15,19,22,0,107,73,56,98,71,7,4332486,1436,NA,NA,NA,NA
15003000117,"Census Tract 1.17, Honolulu County, Hawaii",55,470,70,94,151,155,0,0,0,0,15,0,0,0,0,29,0,79,131,0,104,112,868691,1464,NA,NA,NA,NA
15003009801,"Census Tract 98.01, Honolulu County, Hawaii",208,1158,415,388,145,210,99,87,56,91,24,59,21,63,35,46,68,206,150,55,43,55,54594260,3805,113,12,0,101
15003000107,"Census Tract 1.07, Honolulu County, Hawaii",29,926,121,310,190,305,24,21,6,17,6,6,9,0,9,33,29,98,159,133,162,214,2785345,2740,249,161,2,86
15003011500,"Census Tract 115, Honolulu County, Hawaii",59,3621,516,1125,870,1110,40,34,28,62,32,71,94,30,14,228,340,529,528,377,783,431,4391327,11046,7023,1776,486,4761
15003008936,"Census Tract 89.36, Honolulu County, Hawaii",18,797,85,270,117,325,0,0,28,12,0,35,36,18,0,0,163,69,105,148,94,89,798178,3275,NA,NA,NA,NA
15003009100,"Census Tract 91, Honolulu County, Hawaii",130,1067,210,183,129,545,43,25,12,9,31,41,71,55,22,64,87,192,81,61,126,147,32871406,5684,537,263,14,260
15003008415,"Census Tract 84.15, Honolulu County, Hawaii",0,1097,82,167,235,613,33,0,0,0,42,23,0,23,19,23,23,171,149,195,175,221,598556,4275,NA,NA,NA,NA
15003006000,"Census Tract 60, Honolulu County, Hawaii",113,1138,49,264,166,659,14,29,40,17,16,34,29,10,43,33,131,188,38,260,99,157,715504,5661,5946,4717,427,802
15003009512,"Census Tract 95.12, Honolulu County, Hawaii",4,580,104,171,59,246,29,0,0,17,6,15,11,44,16,5,107,171,64,47,31,17,2641912,4735,NA,NA,NA,NA
15003007815,"Census Tract 78.15, Honolulu County, Hawaii",18,749,87,323,124,215,0,8,0,0,9,0,0,0,0,24,59,121,32,201,154,141,19911213,2034,NA,NA,NA,NA
15003981900,"Census Tract 9819, Honolulu County, Hawaii",0,16,0,0,0,16,16,0,0,0,0,0,0,0,0,0,0,0,0,0,0,0,7898149,349,NA,NA,NA,NA
15003008939,"Census Tract 89.39, Honolulu County, Hawaii",10,954,264,346,107,237,29,27,0,21,30,55,20,24,42,28,153,107,169,118,117,14,1289320,2595,NA,NA,NA,NA
15003008931,"Census Tract 89.31, Honolulu County, Hawaii",26,809,60,158,126,465,23,0,0,0,0,0,0,0,5,14,0,56,72,76,259,304,71979418,3224,180,48,0,132
15003006100,"Census Tract 61, Honolulu County, Hawaii",60,730,36,135,84,475,13,5,3,0,28,5,18,24,17,22,37,88,76,146,86,162,475859,4517,586,30,98,458
15003005300,"Census Tract 53, Honolulu County, Hawaii",380,1405,371,371,308,355,72,145,91,74,82,11,101,33,63,142,98,115,161,170,26,21,349446,4302,879,19,83,777
15003003411,"Census Tract 34.11, Honolulu County, Hawaii",58,699,310,180,108,101,0,0,85,15,43,35,30,35,0,29,30,167,49,49,102,30,59451,1231,NA,NA,NA,NA
15003000108,"Census Tract 1.08, Honolulu County, Hawaii",41,1231,144,648,160,279,49,0,45,0,22,16,23,27,22,33,70,93,80,108,357,286,936614,3213,1844,137,610,1097
15003001101,"Census Tract 11.01, Honolulu County, Hawaii",99,531,127,137,76,191,42,0,0,14,58,63,17,18,25,0,18,58,45,65,69,39,319009,1961,NA,NA,NA,NA
15003981801,"Census Tract 9818.01, Honolulu County, Hawaii",0,1154,24,345,368,417,75,35,0,15,0,0,30,14,145,95,169,425,57,32,54,8,906843,2402,NA,NA,NA,NA
15003010000,"Census Tract 100, Honolulu County, Hawaii",39,1605,448,506,193,458,19,17,34,1,76,137,101,59,86,23,381,160,204,32,168,107,189885427,3768,1746,630,343,773
15003007507,"Census Tract 75.07, Honolulu County, Hawaii",47,1822,374,532,357,559,9,52,18,20,23,9,102,8,115,41,122,221,164,88,271,559,22403629,6626,NA,NA,NA,NA
15003011103,"Census Tract 111.03, Honolulu County, Hawaii",14,1227,149,513,242,323,9,16,17,0,0,0,23,4,44,10,108,122,163,140,288,283,3247856,4212,355,78,122,155
15003007812,"Census Tract 78.12, Honolulu County, Hawaii",31,831,163,256,139,273,10,0,24,9,39,46,2,18,10,53,26,191,101,126,138,38,738037,2164,NA,NA,NA,NA
15003981100,"Census Tract 9811, Honolulu County, Hawaii",4,4,0,4,0,0,0,0,0,0,0,0,0,0,0,0,0,0,0,0,4,0,5938141,167,2,0,0,2
15003010701,"Census Tract 107.01, Honolulu County, Hawaii",42,1355,217,513,206,419,9,0,10,25,21,33,26,27,7,46,88,106,87,136,250,484,3105731,4397,467,68,70,329
15003000114,"Census Tract 1.14, Honolulu County, Hawaii",27,516,86,131,66,233,2,7,0,11,11,5,0,0,0,3,23,84,20,34,71,245,1226013,1726,111,66,0,45
15003006819,"Census Tract 68.19, Honolulu County, Hawaii",158,1279,487,337,289,166,4,38,6,68,46,97,23,78,47,117,193,294,132,40,69,27,88453,2646,NA,NA,NA,NA
15003001804,"Census Tract 18.04, Honolulu County, Hawaii",339,911,568,157,119,67,99,16,19,8,24,76,22,81,8,46,216,88,104,28,49,27,146044,1785,460,14,35,411
15003008013,"Census Tract 80.13, Honolulu County, Hawaii",17,671,84,283,105,199,1,17,0,10,0,27,0,9,12,18,29,126,87,58,159,118,701076,2634,NA,NA,NA,NA
15003000118,"Census Tract 1.18, Honolulu County, Hawaii",0,665,63,273,154,175,0,0,14,0,0,0,0,0,10,21,40,68,158,29,172,153,2742007,1771,NA,NA,NA,NA
15003007808,"Census Tract 78.08, Honolulu County, Hawaii",104,1128,304,378,173,273,54,41,14,32,32,75,32,0,82,68,177,167,116,95,31,112,1101750,3459,7757,342,2217,5198
15003010205,"Census Tract 102.05, Honolulu County, Hawaii",6,579,100,266,51,162,11,5,6,32,23,11,25,16,32,19,38,42,126,66,47,80,30971746,1693,NA,NA,NA,NA
15003003503,"Census Tract 35.03, Honolulu County, Hawaii",359,652,451,106,19,76,161,0,52,69,48,0,0,16,30,55,88,62,37,0,34,0,184753,1500,NA,NA,NA,NA
15003003410,"Census Tract 34.10, Honolulu County, Hawaii",342,853,237,266,68,282,9,48,12,0,0,129,38,119,30,16,99,196,33,75,39,10,69504,1482,NA,NA,NA,NA
15003008623,"Census Tract 86.23, Honolulu County, Hawaii",55,1415,119,136,350,810,12,41,13,14,0,45,28,0,0,48,32,138,280,106,244,414,5164904,4408,NA,NA,NA,NA
15003001201,"Census Tract 12.01, Honolulu County, Hawaii",106,1072,245,232,243,352,10,40,7,83,8,30,8,57,22,36,96,126,154,113,181,101,533270,3022,706,40,131,535
15003010101,"Census Tract 101.01, Honolulu County, Hawaii",0,785,226,248,185,126,45,0,44,0,0,33,0,39,14,41,132,179,87,46,41,84,6891823,2892,NA,NA,NA,NA
15003009302,"Census Tract 93.02, Honolulu County, Hawaii",297,1170,372,260,192,346,113,63,110,42,38,0,0,10,35,32,95,74,168,55,195,140,830363,3324,NA,NA,NA,NA
15003007504,"Census Tract 75.04, Honolulu County, Hawaii",162,918,218,198,134,368,64,21,60,80,12,124,52,15,21,52,52,133,78,18,15,121,1088819,3372,114,16,24,74
15003008934,"Census Tract 89.34, Honolulu County, Hawaii",20,1108,84,255,259,510,0,0,0,6,0,0,0,49,12,66,13,157,85,311,204,205,21655090,3526,NA,NA,NA,NA
15003001700,"Census Tract 17, Honolulu County, Hawaii",82,1097,557,382,75,83,83,0,21,67,7,20,55,27,12,30,80,140,116,71,114,254,1379208,2333,929,68,21,840
15003008913,"Census Tract 89.13, Honolulu County, Hawaii",38,740,44,133,75,488,5,19,0,6,0,28,21,0,31,20,45,90,88,117,98,172,822532,5128,62,20,0,42
15003000119,"Census Tract 1.19, Honolulu County, Hawaii",16,755,95,377,102,181,14,0,0,0,13,43,14,0,27,0,50,90,52,60,228,164,653897,2195,NA,NA,NA,NA
15003008943,"Census Tract 89.43, Honolulu County, Hawaii",0,389,53,169,48,119,17,0,0,0,0,0,0,0,0,19,40,18,29,54,71,141,487814,1372,NA,NA,NA,NA
15003010102,"Census Tract 101.02, Honolulu County, Hawaii",53,735,53,451,71,160,0,102,0,15,0,14,0,0,12,0,106,160,23,8,67,228,20575607,2414,NA,NA,NA,NA
15003010305,"Census Tract 103.05, Honolulu County, Hawaii",44,1542,138,652,271,481,7,30,0,13,52,13,32,32,0,95,130,251,204,215,218,250,4011503,5356,201,84,18,99
15003009706,"Census Tract 97.06, Honolulu County, Hawaii",7,773,74,102,114,483,39,0,22,16,7,31,13,27,43,34,88,142,123,47,50,91,3895343,3196,NA,NA,NA,NA
15003007702,"Census Tract 77.02, Honolulu County, Hawaii",44,1726,389,491,295,551,40,25,11,97,34,20,51,26,22,18,63,234,243,167,271,404,6221535,5487,367,254,2,111
15003980200,"Census Tract 9802, Honolulu County, Hawaii",0,0,0,0,0,0,0,0,0,0,0,0,0,0,0,0,0,0,0,0,0,0,9010033,304,8200,5291,469,2440
15003003703,"Census Tract 37.03, Honolulu County, Hawaii",347,1495,522,777,168,28,250,17,48,22,0,38,138,0,23,67,46,204,33,105,244,260,1311950,3457,NA,NA,NA,NA
15003001905,"Census Tract 19.05, Honolulu County, Hawaii",131,852,504,243,105,0,10,0,0,51,0,0,71,59,47,50,47,101,180,18,117,101,55012,1377,NA,NA,NA,NA
15003002802,"Census Tract 28.02, Honolulu County, Hawaii",148,946,340,256,117,233,12,0,21,24,43,0,67,11,0,52,178,103,77,92,147,119,1631441,2353,NA,NA,NA,NA
15003002600,"Census Tract 26, Honolulu County, Hawaii",470,1870,959,567,180,164,109,186,70,32,121,63,53,79,99,113,189,309,221,130,27,69,663976,4174,5301,603,598,4100
15003003801,"Census Tract 38.01, Honolulu County, Hawaii",532,2189,906,842,322,119,253,0,56,265,47,0,64,110,229,168,164,256,331,57,78,111,873923,4909,NA,NA,NA,NA
15003000120,"Census Tract 1.20, Honolulu County, Hawaii",21,772,83,376,87,226,0,0,15,0,30,47,0,23,12,20,46,23,43,105,186,222,2220182,2624,NA,NA,NA,NA
15003010303,"Census Tract 103.03, Honolulu County, Hawaii",45,1338,327,424,219,368,10,0,11,22,2,63,56,18,16,57,215,103,215,145,189,216,41696663,5036,771,171,60,540
15003000401,"Census Tract 4.01, Honolulu County, Hawaii",32,1004,210,439,166,189,20,17,23,27,8,16,0,0,0,36,59,94,132,129,138,305,6177070,2758,595,57,0,538
15003008414,"Census Tract 84.14, Honolulu County, Hawaii",52,694,0,234,162,298,0,0,0,0,0,0,0,0,0,28,120,44,111,61,86,244,1708755,2168,NA,NA,NA,NA
15003940005,"Census Tract 9400.05, Honolulu County, Hawaii",21,570,29,69,110,362,16,0,0,0,0,12,18,28,26,39,40,51,30,130,77,103,15402137,2367,NA,NA,NA,NA
15003003103,"Census Tract 31.03, Honolulu County, Hawaii",22,509,116,135,92,166,23,0,20,10,11,11,10,12,13,15,19,33,45,65,89,133,4509189,1567,NA,NA,NA,NA
15003980600,"Census Tract 9806, Honolulu County, Hawaii",0,0,0,0,0,0,0,0,0,0,0,0,0,0,0,0,0,0,0,0,0,0,30230272,9,3,0,0,3
15003004702,"Census Tract 47.02, Honolulu County, Hawaii",51,736,139,198,159,240,10,20,0,0,29,13,0,11,24,83,32,66,59,9,183,197,759377,2477,NA,NA,NA,NA
15003004302,"Census Tract 43.02, Honolulu County, Hawaii",286,1087,430,295,193,169,110,0,69,34,8,20,29,74,50,76,88,252,106,10,47,114,389154,3313,NA,NA,NA,NA
15003009507,"Census Tract 95.07, Honolulu County, Hawaii",17,602,97,274,82,149,23,0,23,6,58,12,53,30,24,83,77,111,47,38,0,17,1755386,2734,129,4,0,125
15003010308,"Census Tract 103.08, Honolulu County, Hawaii",8,1102,118,461,221,302,9,0,10,10,39,9,64,17,18,69,38,81,123,177,150,288,9887610,3427,229,14,0,215
15003008944,"Census Tract 89.44, Honolulu County, Hawaii",38,1311,233,311,365,402,54,8,22,0,25,8,41,31,21,57,77,251,61,187,359,109,635831,3517,NA,NA,NA,NA
15003008952,"Census Tract 89.52, Honolulu County, Hawaii",12,2217,528,808,537,344,91,67,12,0,13,31,46,14,28,95,207,468,309,261,320,255,4006148,6000,NA,NA,NA,NA
15003008002,"Census Tract 80.02, Honolulu County, Hawaii",39,797,174,189,105,329,28,10,0,5,5,11,5,69,8,42,72,136,103,59,76,168,1246656,2897,3641,601,760,2280
15003000302,"Census Tract 3.02, Honolulu County, Hawaii",43,892,140,266,120,366,39,21,0,0,15,0,14,7,16,32,73,83,109,38,184,261,1828507,2702,614,53,97,464
15003008707,"Census Tract 87.07, Honolulu County, Hawaii",70,1297,191,179,163,764,25,85,8,8,23,15,34,55,93,94,108,163,80,195,156,155,820236,6985,NA,NA,NA,NA
15003009000,"Census Tract 90, Honolulu County, Hawaii",18,873,107,452,128,186,30,5,4,31,4,66,99,57,10,59,106,144,108,97,53,0,6709368,2412,130,30,5,95
15003008411,"Census Tract 84.11, Honolulu County, Hawaii",54,1256,274,314,317,351,17,0,16,9,0,62,22,20,30,26,92,170,322,203,149,118,1291606,3609,248,6,75,167
15003009707,"Census Tract 97.07, Honolulu County, Hawaii",585,1899,512,526,316,545,338,90,41,124,202,105,94,30,129,77,128,151,58,130,105,97,19773241,6575,NA,NA,NA,NA
15003011105,"Census Tract 111.05, Honolulu County, Hawaii",9,1421,345,561,325,190,7,17,0,13,9,49,19,26,18,54,151,180,102,197,273,306,1087369,3664,2817,107,1144,1566
15003010602,"Census Tract 106.02, Honolulu County, Hawaii",92,1671,273,456,395,547,50,0,17,8,9,78,17,26,63,56,51,159,219,179,374,365,2005521,5986,1103,204,353,546
15003003702,"Census Tract 37.02, Honolulu County, Hawaii",289,1653,665,732,178,78,141,206,59,25,0,54,29,15,119,96,226,54,267,0,196,166,264985,3929,NA,NA,NA,NA
15003007002,"Census Tract 70.02, Honolulu County, Hawaii",10,1013,198,253,237,325,19,45,0,6,0,6,35,50,210,53,239,80,76,101,93,0,1510730,2163,NA,NA,NA,NA
15003008418,"Census Tract 84.18, Honolulu County, Hawaii",8,1256,116,196,326,618,27,14,18,10,10,78,16,38,10,42,118,132,218,194,95,236,1075597,5762,NA,NA,NA,NA
15003008917,"Census Tract 89.17, Honolulu County, Hawaii",32,1758,441,570,309,438,44,26,32,32,0,9,17,20,74,57,160,165,181,129,472,340,1985611,4579,2378,215,861,1302
15003006813,"Census Tract 68.13, Honolulu County, Hawaii",83,2047,657,523,366,501,13,19,0,59,54,0,151,120,46,29,258,143,267,178,227,483,1839499,4680,NA,NA,NA,NA
15003982200,"Census Tract 9822, Honolulu County, Hawaii",0,0,0,0,0,0,0,0,0,0,0,0,0,0,0,0,0,0,0,0,0,0,8329938,31,NA,NA,NA,NA
15003008918,"Census Tract 89.18, Honolulu County, Hawaii",19,1778,419,461,460,438,54,8,62,0,27,51,28,38,18,116,120,202,317,150,274,313,2346662,5529,210,26,10,174
15003011201,"Census Tract 112.01, Honolulu County, Hawaii",14,1498,289,533,288,388,8,9,10,10,27,8,27,0,0,118,176,100,129,101,214,561,2451900,4611,1269,436,31,802
15003000500,"Census Tract 5, Honolulu County, Hawaii",24,1329,317,493,209,310,82,0,3,9,34,86,21,26,0,19,9,199,96,77,133,535,2880153,3872,3841,121,1191,2529
15003009705,"Census Tract 97.05, Honolulu County, Hawaii",51,970,122,304,149,395,66,20,25,8,14,10,40,47,36,84,95,94,156,153,68,54,1373632,3640,NA,NA,NA,NA
15003009906,"Census Tract 99.06, Honolulu County, Hawaii",9,815,330,267,121,97,52,21,24,56,11,17,30,13,10,40,100,110,117,55,59,100,87666397,1921,NA,NA,NA,NA
15003008705,"Census Tract 87.05, Honolulu County, Hawaii",104,799,78,89,145,487,58,0,29,104,21,50,43,21,38,63,96,159,42,57,10,8,638241,3250,NA,NA,NA,NA
15003007807,"Census Tract 78.07, Honolulu County, Hawaii",119,2820,1251,1125,159,285,158,28,28,29,54,104,16,128,75,264,568,434,562,112,204,56,358033,5292,316,13,46,257
15003005602,"Census Tract 56.02, Honolulu County, Hawaii",244,1038,262,238,117,421,83,50,76,68,29,10,18,47,34,38,91,132,101,47,34,180,780491,5124,NA,NA,NA,NA
15003006704,"Census Tract 67.04, Honolulu County, Hawaii",275,2469,728,771,289,681,42,41,21,54,72,64,231,116,35,139,246,330,150,215,283,430,18294135,7162,NA,NA,NA,NA
15003000121,"Census Tract 1.21, Honolulu County, Hawaii",18,958,145,477,243,93,34,5,19,0,0,0,0,0,0,68,64,240,46,117,195,170,478871,2774,NA,NA,NA,NA
15003007400,"Census Tract 74, Honolulu County, Hawaii",11,836,80,172,210,374,8,0,0,0,25,43,49,5,51,96,29,138,105,37,198,52,7098722,7651,3292,1048,780,1464
15003009608,"Census Tract 96.08, Honolulu County, Hawaii",46,1315,196,309,227,583,66,16,83,18,11,34,45,94,4,159,232,157,115,98,60,123,45664163,5664,436,131,26,279
15003940004,"Census Tract 9400.04, Honolulu County, Hawaii",52,506,82,96,64,264,14,3,8,34,14,19,31,21,14,17,19,66,30,68,66,82,6513977,2331,NA,NA,NA,NA
15003004000,"Census Tract 40, Honolulu County, Hawaii",248,781,457,263,37,24,47,25,28,12,29,100,39,21,17,65,25,116,38,49,86,84,298042,1627,30003,6157,710,23136
15003008634,"Census Tract 86.34, Honolulu County, Hawaii",0,1039,72,516,178,273,28,41,0,0,0,54,62,13,29,129,76,69,85,109,218,126,684932,2800,NA,NA,NA,NA
15003003604,"Census Tract 36.04, Honolulu County, Hawaii",542,1241,700,351,126,64,78,31,73,16,88,107,31,65,38,72,141,301,46,46,75,33,189132,2554,4143,753,568,2822
15003003404,"Census Tract 34.04, Honolulu County, Hawaii",301,2312,971,812,223,306,36,0,81,29,152,180,238,160,44,188,295,186,265,227,110,121,263249,4517,921,8,7,906
15003001501,"Census Tract 15.01, Honolulu County, Hawaii",0,668,229,108,90,241,6,8,0,0,0,91,10,22,0,169,4,23,89,64,74,108,222817,1473,NA,NA,NA,NA
15003002005,"Census Tract 20.05, Honolulu County, Hawaii",568,1231,888,202,113,28,159,46,29,19,0,13,52,54,25,136,357,115,118,55,22,31,103181,1899,760,65,43,652
15003009905,"Census Tract 99.05, Honolulu County, Hawaii",70,1050,243,332,208,267,79,33,55,72,53,19,32,18,21,54,56,157,159,112,72,58,3163067,3879,NA,NA,NA,NA
15003008631,"Census Tract 86.31, Honolulu County, Hawaii",7,1176,282,458,216,220,19,0,32,0,0,75,31,35,31,59,113,132,141,132,146,230,4329637,3226,NA,NA,NA,NA
15003001000,"Census Tract 10, Honolulu County, Hawaii",28,1099,334,269,162,334,85,8,19,20,7,60,51,30,124,79,41,148,116,62,98,151,8409615,3145,326,69,0,257
15003010203,"Census Tract 102.03, Honolulu County, Hawaii",43,368,125,97,22,124,24,19,11,8,4,0,32,10,4,34,30,42,23,21,50,56,21505355,1381,NA,NA,NA,NA
15003004301,"Census Tract 43.01, Honolulu County, Hawaii",16,939,271,346,163,159,113,26,0,90,11,66,16,18,24,34,44,102,78,45,85,187,943838,2273,NA,NA,NA,NA
15003007508,"Census Tract 75.08, Honolulu County, Hawaii",70,2112,417,716,224,755,71,0,0,127,32,44,54,94,73,100,160,301,220,176,333,327,1987009,6994,NA,NA,NA,NA
15003010202,"Census Tract 102.02, Honolulu County, Hawaii",145,1396,156,341,181,718,33,42,18,18,29,32,13,46,116,87,137,115,210,107,206,187,33345457,7391,1527,213,135,1179
15003011106,"Census Tract 111.06, Honolulu County, Hawaii",22,1849,177,626,303,743,24,16,0,6,26,8,41,6,11,35,105,301,210,216,270,574,3858120,6143,661,151,115,395
15003008632,"Census Tract 86.32, Honolulu County, Hawaii",16,1298,167,290,283,558,11,39,39,41,0,24,34,19,8,53,126,176,162,119,240,207,2832736,5317,NA,NA,NA,NA
15003008301,"Census Tract 83.01, Honolulu County, Hawaii",10,1504,216,302,285,701,14,0,0,31,0,12,21,45,36,81,212,373,215,215,177,72,14875915,4553,325,134,1,190
15003008702,"Census Tract 87.02, Honolulu County, Hawaii",260,1502,434,306,220,542,165,92,49,26,72,82,32,70,44,101,159,246,126,56,136,46,1074575,6490,1818,165,533,1120
15003010904,"Census Tract 109.04, Honolulu County, Hawaii",28,1100,168,290,152,490,11,0,20,10,38,70,46,0,28,27,90,84,133,45,147,351,965741,3803,144,77,3,64
15003003900,"Census Tract 39, Honolulu County, Hawaii",141,236,221,15,0,0,13,48,43,28,15,15,4,5,5,13,17,0,10,14,6,0,995333,559,10589,2784,120,7685
15003009609,"Census Tract 96.09, Honolulu County, Hawaii",27,1453,162,431,189,671,81,0,0,42,0,0,0,141,15,0,187,362,229,62,196,138,5056278,5070,NA,NA,NA,NA
15003011000,"Census Tract 110, Honolulu County, Hawaii",23,1136,124,467,186,359,5,8,11,0,15,13,16,24,11,30,81,139,74,140,160,409,24716373,3697,2944,622,143,2179
15003008704,"Census Tract 87.04, Honolulu County, Hawaii",9,615,104,223,75,213,10,30,55,9,0,10,0,0,0,9,26,97,123,59,106,81,1958714,3331,NA,NA,NA,NA
15003007302,"Census Tract 73.02, Honolulu County, Hawaii",54,1754,194,438,360,762,9,10,0,31,42,53,56,166,36,76,127,229,286,299,197,137,2794870,4172,434,75,13,346
15003000115,"Census Tract 1.15, Honolulu County, Hawaii",181,1021,378,282,123,238,12,0,0,0,123,11,11,42,0,8,134,203,80,55,187,155,3081925,2774,NA,NA,NA,NA
15003006811,"Census Tract 68.11, Honolulu County, Hawaii",26,497,0,57,50,390,46,0,0,0,0,0,16,8,0,57,109,54,158,12,0,37,938238,1047,NA,NA,NA,NA
15003011104,"Census Tract 111.04, Honolulu County, Hawaii",67,1625,234,362,332,697,51,7,27,6,6,32,17,34,30,22,33,255,195,136,402,372,1644114,5089,515,97,28,390
15003004600,"Census Tract 46, Honolulu County, Hawaii",67,1073,188,301,194,390,0,0,0,24,7,23,24,9,7,62,83,90,67,130,155,392,6856899,3883,522,56,3,463
15003004500,"Census Tract 45, Honolulu County, Hawaii",370,2087,830,687,238,332,78,0,16,186,18,0,14,90,164,83,101,222,315,84,243,473,7714540,5360,706,30,5,671
15003008933,"Census Tract 89.33, Honolulu County, Hawaii",34,1127,138,375,299,315,10,0,8,9,0,30,0,20,20,79,137,209,100,118,187,200,4010652,3223,NA,NA,NA,NA
15003007813,"Census Tract 78.13, Honolulu County, Hawaii",23,888,122,254,190,322,7,0,7,12,8,17,0,21,35,32,60,144,84,163,138,160,527724,2880,NA,NA,NA,NA
15003008626,"Census Tract 86.26, Honolulu County, Hawaii",91,1028,229,202,97,500,113,178,0,75,0,74,47,78,13,14,50,127,85,28,87,59,2387388,3973,NA,NA,NA,NA
15003008942,"Census Tract 89.42, Honolulu County, Hawaii",43,708,182,159,175,192,41,0,18,17,42,53,66,46,34,41,76,80,41,58,44,51,602890,2370,NA,NA,NA,NA
15003009402,"Census Tract 94.02, Honolulu County, Hawaii",280,1193,339,303,309,242,73,225,56,94,43,10,54,41,59,61,36,194,60,70,28,89,556741,3843,NA,NA,NA,NA
15003001102,"Census Tract 11.02, Honolulu County, Hawaii",205,682,215,162,143,162,51,45,40,23,13,13,16,27,24,50,53,82,9,57,145,34,508034,2249,NA,NA,NA,NA
15003009610,"Census Tract 96.10, Honolulu County, Hawaii",23,1688,186,294,330,878,79,0,108,78,0,76,75,0,30,14,124,164,265,138,461,76,1797455,7105,NA,NA,NA,NA
15003004102,"Census Tract 41.02, Honolulu County, Hawaii",156,1312,638,336,202,136,125,0,75,29,25,106,41,86,57,127,90,201,186,89,53,22,514325,2438,NA,NA,NA,NA
15003000110,"Census Tract 1.10, Honolulu County, Hawaii",8,1395,158,547,217,473,21,10,24,16,8,32,17,16,0,86,75,142,299,81,230,338,6653728,4254,305,115,8,182
15003004801,"Census Tract 48.01, Honolulu County, Hawaii",60,920,336,252,117,215,29,0,0,37,14,28,0,35,39,17,66,271,19,43,118,204,2989071,3079,NA,NA,NA,NA
15003003000,"Census Tract 30, Honolulu County, Hawaii",60,1746,389,634,257,466,36,34,16,0,72,17,18,57,57,72,87,218,130,108,234,590,1512916,4305,483,60,6,417
15003008416,"Census Tract 84.16, Honolulu County, Hawaii",14,879,126,154,144,455,0,0,0,0,0,0,52,30,15,73,108,132,122,57,72,218,258759,2217,NA,NA,NA,NA
15003000901,"Census Tract 9.01, Honolulu County, Hawaii",126,1054,286,450,110,208,8,0,14,17,47,19,42,8,34,52,148,175,85,95,136,174,838133,2622,456,142,0,314
15003006401,"Census Tract 64.01, Honolulu County, Hawaii",39,391,24,28,77,262,4,8,2,22,4,0,24,4,0,60,22,29,0,74,55,83,201017,2362,52,24,0,28
15003006818,"Census Tract 68.18, Honolulu County, Hawaii",25,816,256,289,208,63,38,11,0,7,10,38,53,50,36,42,99,212,141,16,27,36,76882,1695,NA,NA,NA,NA
15003010510,"Census Tract 105.10, Honolulu County, Hawaii",60,951,190,333,142,286,10,9,0,9,97,0,10,11,0,73,44,88,104,127,188,181,863765,3273,NA,NA,NA,NA
15003000903,"Census Tract 9.03, Honolulu County, Hawaii",30,903,175,282,144,302,17,9,0,32,22,8,5,18,34,46,86,142,33,120,69,262,615749,3039,730,186,39,505
